Company name,Symbol
"SHANGHAI PUDONG DEVELOPMENT BANK CO., LTD.",600000
"Guangzhou Baiyun International Airport Co.,ltd.",600004
"Dongfeng  Automobile  Co.,LTD",600006
China World Trade Center Company Ltd.,600007
"BEIJING CAPITAL CO.,LTD",600008
"Shanghai International Airport Co., Ltd.",600009
"Inner Mongolia BaoTou Steel Union Co.,Ltd.",600010
"Huaneng Power International, INC.",600011
Anhui Expressway Company Limited,600012
"HUA XIA BANK CO., Limited",600015
CHINA MINSHENG BANK,600016
"RIZHAO PORT CO.,LTD.",600017
"Shanghai International Port (Group) Co., Ltd",600018
"Baoshan Iron & Steel Co., Ltd.",600019
Henan Zhongyuan Expressway Company Limited,600020
SHANGHAI ELECTRIC POWER COMPANY LIMITED,600021
www.sdsteel.cc,600022
"Zhejiang Zheneng Electric Power Co.,Ltd",600023
http://www.hnlcj.cn,600025
"COSCO SHIPPING Energy Transportation Co., Ltd.",600026
Huadian Power International Corporation Limited,600027
China Petroleum and Chemical Corporation,600028
China Southern Airlines Company Limited,600029
CITIC Securities Company Limited,600030
"SANY HEAVY INDUSTRY CO.,LTD",600031
Fujian Expressway Development Company Limited,600033
"Hubei Chutian Smart Communication Co.,Ltd.",600035
"China Merchants Bank Co.,Limited",600036
"Beijing Gehua CATV Network Co., LTD.",600037
 AVICOPTER PLC,600038
"SICHUAN ROAD & BRIDGE CO.,LTD",600039
www.gzpoly.com;www.polycn.com,600048
CHINA UNITED NETWORK COMMUNICATIONS  LIMITED,600050
"NINGBO UNITED GROUP CO.,LTD.",600051
"Zhejiang Guangsha Co.,Ltd.",600052
"Kunwu Jiuding Investment Holdings CO., Ltd",600053
"Huangshan Tourism Development Co.,Ltd.",600054
"Beijing Wandong Medical Technology Co., Ltd.",600055
"CHINA MEHECO CO., LTD.",600056
"XIAMEN XIANGYU CO., LTD.",600057
"MINMETALS DEVELOPMENT CO., LTD.",600058
ZheJiang GuYueLongShan ShaoXing Wine Co.LTD,600059
www.hisense.com,600060
"SDIC Capital Co., Ltd",600061
"CHINA RESOURCES DOUBLE??CRANE PHARMACEUTICAL CO.,LTD.",600062
ANHUI WANWEI UPDATED HIGH-TECH MATERIAL INDUSTRY COMPANY LIMITED,600063
NANJING GAOKE COMPANY LIMITED,600064
"Zhengzhou Yutong Bus Co.,Ltd.",600066
"CITYCHAMP DARTONG CO.,LTD.",600067
China Gezhouba Group Company Limited,600068
"Henan Yinge Industrial Investment  Co.,Ltd.",600069
HTTP://www.zj-furun.cn,600070
phenix optical company limited,600071
"CSSC Science & Technology Co., Ltd",600072
SHANGHAI MALING AQUARIUS CO.LTD,600073
http://www.protruly.com.cn/,600074
"XINJIANG TIANYE CO.,LTD.",600075
"Kangxin??New??Materials??Co., Ltd. ",600076
"Sundy Land Investment Co.,Ltd.",600077
"Jiangsu Chengxing Phosph-Chemical Co.,Ltd",600078
"Humanwell Healthcare (Group) Co.,Ltd.",600079
GINWA ENTERPRISE(GROUP) INC.,600080
"DONG FENG ELECTRONIC TECHNOLOGY CO.,LITD.",600081
"Tianjin Hi-Tech Development Co., Ltd.",600082
"GUANGDONG BOXIN INVESTING & HOLDINGS CO,.LTD",600083
"CITIC GUOAN Wine CO.,LTD",600084
"Beijing TongRenTang Co.,Ltd",600085
EASTERN GOLD JADE  COMPANY LIMITED,600086
"China Television Media,Ltd.",600088
"TBEA CO.,LTD.",600089
"XIN JIANG READY HEALTH INDUSTRY Co.,Ltd.",600090
"BAOTOU TOMORROW TECHNOLOGY CO.,LTD",600091
"EASY VISIBLE  SUPPLY CHAIN MANAGEMENT CO.,LTD.",600093
GREATTOWN HOLDINGS LTD.,600094
"HARBIN HIGH-TECH(GROUP)C0.,LTD.",600095
"YUNNAN YUNTIANHUA CO.,LTD",600096
"SHANGHAI KAICHUANG MARINE INTERNATIONAL CO.,LTD.",600097
Guangzhou Development Group Incorporated,600098
"LINHAI CO.,LTD.",600099
"TSINGHUA TONGFANG CO., LTD",600100
"SICHUAN MINGXING ELECTRIC POWER CO.,LTD",600101
"Fujian Qingshan Paper Industry Co.,Ltd.",600103
SAIC Motor Corporation Limited,600104
"JIANGSU ETERN CO., LTD.",600105
"CHONGQING ROAD & BRIDGE CO.,LTD",600106
HUBEI  MAILYARD  SHARE  CO.?? LTD,600107
"GANSU YASHENG INDUSTRIAL??GROUP??CO.,LTD",600108
"SINOLINK SECURITIES CO., LTD.",600109
-,600110
"China Northern Rare Earth (Group) High-Tech Co.,Ltd",600111
"GUIZHOU CHANGZHENG TIANCHENG HOLDING CO.,LTD.",600112
"ZHE JIANG DONG RI CO., LTD",600113
"NBTM NEW MATERIALS GROUP Co., Ltd.",600114
China Eastern Airlines Corporation Limited,600115
http://www.cqsxsl.com.cn,600116
"XINING SPECIAL STEEL CO.,LTD",600117
"China Spacesat Co.,Ltd.",600118
"Y.U.D Yangtze River Investment Industry Co.,Ltd.",600119
"Zhejiang Orient Financial Holdings Group Co., Ltd.",600120
HTTP://www.zzce.com.cn,600121
"JIANGSU HONGTU HIGH TECHNOLOGY CO.,LTD.",600122
"Shanxi Lanhua Sci-tech Venture Co.,Ltd",600123
www.chinacrt.com,600125
"HangZhou Iron And Steel Co.,Ltd.",600126
" JINJIAN CEREALS INDUSTRY CO.,LTD.",600127
JIANGSU HOLLY CORPORATION,600128
"CHONGQING TAIJI INDUSTRY(GROUP) CO.,LTD",600129
"NINGBO BIRD Co.,Ltd.",600130
www.mjsdgs.com,600131
CHONG QING BREWERY CO.LTD,600132
"WUHAN EAST LAKE HIGH TECHNOLOGY GROUPE CO.,LTD.",600133
LUCKY FILM COMPANY LIMITED,600135
"WUHAN DDMC CULTURE CO.,LTD.",600136
Sichuan Langsha??holding??CO.LTD,600137
"CHINA CYTS TOURS HOLDING CO.,LTD.",600138
"Sichuan Western Resources Holding Co., Ltd",600139
"HUBEI XINGFA CHEMICALS GROUP CO.,LTD.",600141
"KINGFA SCI.&TECH. CO.,LTD.",600143
"Xinjiang Yilu Wanyuan Industrial Investment Holding Co., Ltd.",600145
www.600146.net,600146
Changchun Yidong Clutch CO.LTD.,600148
"Langfang Development Co., Ltd.",600149
China CSSC Holdings Limited,600150
HTTP://WWW.ht-saae.com,600151
"NINGBO VEKEN ELITE GROUP CO.,LTD.",600152
XIAMEN C&D INC.,600153
"HEBEI BAOSHUO CO.,LTD.",600155
"Hunan Huasheng  Co.,Ltd",600156
"WINTIME ENERGY CO.,LTD.",600157
CHINA SPORTS INDUSTRY GROUP CO.??LTD.,600158
www.dldc.com.cn,600159
"ZHEJIANG JUHUA CO.,LTD.",600160
http://www.tiantanbio.com,600161
"Shenzhen Heungkong Holding Co., Ltd",600162
"ZHONGMIN  ENERGY  CO.,  LTD.",600163
"Ningxia Xinri Hengli Steel Wire Rope Co., Ltd",600165
"BEIQI FOTON MOTOR CO.,LTD.",600166
"Luenmei Quantum Co.,Ltd",600167
"WUHAN SANZHEN INDUSTRY HOLDING CO.,LTD",600168
"TAIYUAN HEAVY INDUSTRY CO.,LTD.",600169
"SHANGHAI CONSTRUCTION GROUP CO., LTD",600170
www.belling.com.cn,600171
HTTP://WWW.HHXF.COM,600172
www.wolong-Re.com,600173
MeiDu Energy Corporation,600175
"China Jushi Co.,Ltd.",600176
www.youngor.com.cn,600177
"HARBIN DONGAN AUTO ENGINE CO.,LTD.",600178
"Antong Holdings Co., Ltd.",600179
"CCS Supply Chain Management Co., Ltd.",600180
GITI TIRE CORPORATION,600182
"SHENGYI TECHNOLOGY CO., LTD.",600183
"North Electro-Optic Co.,Ltd.",600184
http://www.greedc.com/,600185
Lotus Health Group Company,600186
www.interchinawater.com,600187
YANZHOU COAL MINING COMPANY LIMITED,600188
"JILIN FOREST INDUSTRY CO.,LTD.",600189
"JINZHOU PORT CO.,LTD.",600190
"BAOTOU HUAZI INDUSTRY CO.,LTD.",600191
"LANZHOU GREATWALL ELECTRICAL CO.,LTD.",600192
"SHANGHAI PROSOLAR RESOURCE CO.,LTD",600193
"China Animal Husbandry Industry Co.,Ltd.",600195
"Shanghai Fosun Pharmaceutical (Group) Co., Ltd.",600196
"Xinjiang Yilite Industry Co.,LTD.",600197
"DATANG TELECOM TECHNOLOGY CO., LTD.",600198
"Anhui Golden Seed Winery Co.,Ltd.",600199
"JiangSu WuZhong Industrial Co.,Ltd.",600200
JINYU BIO-TECHNOLOGY CO.??LTD.,600201
http://www.hac.com.cn,600202
"FUJIAN FURI ELECTRONICS CO.,LTD.",600203
"GRINM Advanced Materials Co.,Ltd.",600206
"HENAN ANCAI HI-TECH CO.,LTD.",600207
"XINHU ZHONGBAO CO.,LTD",600208
"LAWTON DEVELOPMENT CO.,LTD.",600209
"SHANGHAI ZIJIANG ENTERPRISE GROUP CO.,LTD",600210
TIBET RHODIOLA PHARMACEUTICAL HOLDING CO.,600211
"SHAN DONG JIANG QUAN INDUSTRY CO.,LTD.",600212
"Yangzhou Asiastar Bus Co.,Ltd.",600213
"Changchunjingkai (Group) co., ltd.",600215
"ZHEJIANG MEDICINE CO.,LTD",600216
"China Resources and Environment Co.,ltd. ",600217
"ANHUI QUANCHAI ENGINE CO.,LTD.",600218
"SHANDONG NANSHAN ALUMINIUM CO., LTD",600219
http:\\www.sunshine.com.cn,600220
Hainan Airlines Holding Company Limited,600221
"HENAN TALOPH PHARMACEUTICAL STOCK CO.,LTD",600222
"Lushang Property Co.,Ltd.",600223
"TIANJIN SONGJIANG Co.,Ltd.",600225
"Zhejiang Huge Leaf Co.,Ltd",600226
"GUIZHOU CHITIANHUA CO.,LTD.",600227
"JiangXi ChangJiu Biochemical Industry Co.,Ltd.",600228
"Qingdao Citymedia Co,. Ltd.",600229
CANGZHOU DAHUA CO.LTD,600230
"Lingyuan Iron & Steel Co.,Ltd.",600231
"Zhejiang Golden Eagle Co.,Ltd.",600232
"YTO Express Group Co.,Ltd.",600233
"Guanghe landscape Culture Communication Co.,Ltd, ShanXi",600234
"MINFENG SPECIAL PAPER CO.,LTD.",600235
"GUANGXI GUIGUAN ELECTRIC POWER CO.,LTD.",600236
ANHUI TONGFENG ELECTRONICS COMPANY LIMITED,600237
"HAINAN YEDAO ??GROUP??CO.,LTD",600238
"YunNan  Metropolitan Real Estate Development Co.,LTD",600239
"BEIJING HOMYEAR CAPITAL HOLDINGS CO.,LTD",600240
www.shidaiwanheng.com,600241
ZHONGCHANG BIGDATA CORPORATION LIMITED,600242
"QingHai HuaDing Industrial C0.,Ltd.",600243
www.vantone.com,600246
"JILIN CHENGCHENG GROUP CO.,LTD",600247
"Shaanxi  yanchang  petroleum  chemical engineering  Co.,Ltd.",600248
www.lmz.com.cn,600249
"NANJING TEXTILES IMP/EXP CORP.,LTD.",600250
"XINGJIANG GUANNONG FRUIT & ANTLER GROUP CO., LTD.",600251
"Guangxi Wuzhou Zhongheng Group CO.,LTD.",600252
"Kingswood Enterprise Co.,Ltd",600255
"GUANGHUI ENERGY CO.,LTD.",600256
"DAHU AQUACULTURE CO.,LTD.",600257
www. btghotels. com,600258
"Rising Nonferrous Metals Share Co., Ltd.",600259
"HUBEI KAILE SCIENCE AND TECHNOLOGY CO.,LTD",600260
www.yankon.com,600261
"Inner Mongolia North Hauler Joint Stock Co.,Ltd.",600262
"YUNNAN JINGGU FORESTRY CO.,LTD",600265
"BEIJING URBAN CONSTRUCTION INVESTMENT& DEVELOPMENT CO.,LTD.",600266
"ZHEJIANG HISUN PHARMACEUTICAL CO.,LTD",600267
"Guodian Nanjing Automation Co.,LTD.",600268
"Jiangxi Ganyue Expressway CO.,LTD.",600269
"Sinotrans Air Transportation Development Co.,Ltd.",600270
Aisino Corporation,600271
"SHANGHAI KAI KAI INDUSTRIAL CO.,LTD.",600272
"Zhejiang Jiahua energy chemical industry Co.,Ltd.",600273
http://www.wuchangyu.com.cn,600275
"JIANGSU HENGRUI  MEDICINE CO.,LTD.",600276
 ELION ENERGY COMPANY LIMITED,600277
Orient International Enterprise LTD.,600278
"CHONGQING GANGJIU CO.,LTD.",600279
"NANJING CENTRAL EMPORIUM STOCKS CO., LTD.",600280
TAIYUAN CHEMICAL INDUSTRY CO.LTD .,600281
"Nanjing Iron&Steel Co.,Ltd.",600282
HTTP://WWW.QJWATER.COM,600283
www.pdjs.com.cn,600284
"Henan Lingrui Pharmaceutical Co., Ltd",600285
HTTP://www.saintycorp.com,600287
"Daheng New Epoch Technology,Inc.",600288
Bright Oceans Inter-Telecom Corporation,600289
www.heag.com,600290
"Xishui Strong year Co.,Ltd Inner Mongloia",600291
"SPIC YUANDA ENVIRONMENTAL?PROTECTION CO. ,LTD .",600292
Hubei Sanxia New Building Materials Co.Ltd,600293
"Inner Mongolia Eerduosi Resources Co.,Ltd.",600295
"China Grand Automotive Services Co., Ltd.",600297
"ANGEL YEAST CO.,LTD",600298
Bluestar Adisseo Company,600299
"v v Food & Beverage Co.,Ltd",600300
"Nanning Chemical Industry Co.,Ltd.",600301
"XI'AN TYPICAL INDUSTRIES CO., LTD",600302
"LIAONING SG AUTOMOTIVE GROUP CO., LTD.",600303
"JIANGSHU  HENGSHUN  VINEGAR  CO.,LTD",600305
"Shen Yang Commercial City Co.,Ltd",600306
"GanSu Jiu Steel Group Hong Xing Iron & Steel Co,Ltd",600307
"SHANDONG HUATAI PAPER INDUSTRY SHAREHOLDING CO.,LTD",600308
"Wanhua Chemical Group Co.,Ltd.",600309
Guangxi Guidong Electric Power Co.??LTD.,600310
"GANSU RONGHUA INDUSTRY GROUP CO.,LTD.",600311
http://www.pinggao.com,600312
"ZHONGNONGFA  SEED  INDUSTRY  GROUP  CO., LTD.",600313
"SHANGHAI JAHWA UNITED CO., LTD",600315
"JIANGXI HONGDU AVIATION INDUSTRY CO., LTD.",600316
"YINGKOU PORT LIABILITY CO.,LTD.",600317
"ANHUI XINLI FINANCE CO.,LTD.",600318
"WEIFANG YAXING CHEMICAL CO.,LTD.",600319
"SHANGHAI ZHENHUA HEAVY INDUSTRIES CO.,LTD.",600320
"Rightway Holdings Co.,Lt",600321
"Tianjin Realty Development(Group) Co., Ltd.",600322
Grandblue environment company limited ,600323
"Huafa Industrial Co.,LTD.Zhuhai",600325
"TIBET TIANLU CO., LTD.",600326
"WUXI COMMERCIAL MANSION GRAND ORIENT CO.,LTD",600327
"INNER MONGOLIA LANTAI INDUSTRIAL CO.,LTD",600328
TIANJIN ZHONGXIN PHARMACEUTICAL GROUP CORPORATION LIMITED,600329
"TDG HOLDING CO.,LTD.",600330
"SICHUAN  HONGDA CO.,LTD.",600331
Guangzhou Baiyunshan Pharmaceutical Holdings Company Limited,600332
www.ccrq.com.cn,600333
"Sinomach Automobile Co., Ltd.",600335
HTTP://WWW.AUCMA.COM.CN,600336
"Markor International Home Furnishings Co., Ltd.",600337
http://www.xizangzhufeng.com/,600338
"China Petroleum Engineering Co., Ltd.",600339
CHINA FORTUNE LAND DEVELOPMENT CO.??LTD.,600340
"SHAANXI AEROSPACE POWER HI-TECH CO.,LTD",600343
"Wuhan Yangtze Communication Industry Group Co.,Ltd",600345
"HENGLI PETROCHEMICAL CO.,LTD.",600346
"YANG QUAN COAL INDUSTRY ??GROUP?? CO., LTD.",600348
Shandong Hi-speed Company Limited,600350
"YABAO PHARMACEUTICAL GROUP CO., LTD.",600351
"Zhejiang Longsheng Group Co.,ltd",600352
"CHENGDU XUGUANG ELECTRONICS CO,.LTD",600353
"Gansu Dunhuang Seed Co.,Ltd.",600354
"Routon Electronic Co., Ltd.",600355
"MUDANJIANG HENGFENG PAPER CO.,LTD.",600356
CHINA UNITED TRAVEL COMPANY LIMITED,600358
"Xinjiang Talimu Agriculture Development Co.,Ltd.",600359
"JiLin Sino-Microelectronics Co.,Ltd",600360
"BEIJINGHUALIAN  HYPERMARKET  CO.,LTD",600361
Jiangxi Copper Company Limited,600362
http://www.lianovation.com.cn/,600363
"TONGHUA GRAPE WINE CO.,LTD.",600365
"NINGBO YUNSHENG  CO.,LTD.",600366
"GUIZHOU REDSTAR DEVELOPING CO.,LTD.",600367
"GUANGXI WUZHOU COMMUNICATIONS CO.,LTD.",600368
Southwest Securities Co.??Ltd.,600369
www.jssfx.com,600370
"WanXiang Doneed CO. ,LTD.",600371
"CHINA  AVIONICS SYSTEMS CO.,LTD.",600372
"CHINESE UNIVERSE PUBLISHING AND MEDIA CO., LTD.",600373
www.camc.biz,600375
"Beijing Capital Development,Co.,Ltd",600376
Jiangsu Expressway Company Limited,600377
"SICHUAN TIANYI SCIENCE & TECHNOLOGY  CO., LTD.",600378
"Shaanxi Baoguang Vacuum Electronic Apparatus Co.,Ltd.",600379
"Joincare Pharmaceutical Group Industry Co.,Ltd.",600380
-,600381
http://www.gdmzh.com,600382
Gemdale Corporation,600383
"SHANDONG JINTAI GROUP CO., LTD",600385
"BEIJING BASHI MEDIA CO,.LTD",600386
"ZHEJIANG HAIYUE CO.,LTD",600387
"Fujian Longking Co.,LTD",600388
"Nantong Jiangshan Agrochemical & Chemicals Co., Ltd.",600389
MINMETALS CAPITAL COMPANY LIMITED,600390
"AECC AERO SCIENCE AND TECHNOLOGY CO.,LTD.",600391
Shenghe Resources Holding Co. Ltd,600392
"GUANGZHOU YUETAI GROUP CO.,LTD.",600393
"Guizhou Panjiang Refined Coal Co.,Ltd.",600395
"SHENYANG JINSHAN ENERGY CO., LTD",600396
ANYUAN COAL INDUSTRY GROUP CO.??LTD.,600397
"HEILAN HOME CO.,LTD",600398
"Fushun Special Steel Co.,LTD",600399
"Jiangsu Hongdou Industrial CO.,LTD",600400
www.hareonsolar.com,600401
"HENAN DAYOU ENERGY CO., LTD",600403
"Beijing Dynamic Power Co., Ltd",600405
www.naritech.cn,600406
"SHANXI ANTAI GROUP CO.,LTD.",600408
"Tangshan Sanyou Chemical Industries Co.,Ltd",600409
"Beijing Teamsun Technology Co.,Ltd",600410
"ZheJiang China Commodities City Group Co.,Ltd.",600415
"Xiangtan Electric Manufacturing Co., Ltd.",600416
"Anhui Jianghuai Automobile Group Corp.,Ltd",600418
"Xinjiang Tianrun Dairy Co., Ltd.",600419
"SHANGHAI SHYNDEC PHARMACEUTICAL  CO., LTD.",600420
"HUBEI YANGFANG  HOLDING CO.,LTD. ",600421
"KPC Pharmaceuticals, Inc.",600422
"Liuzhou Chemical Industry Co., LTD",600423
"XINJIANG QINGSONG BUILDING MATERIALS AND CHEMICALS (GROUP) CO., LTD.",600425
SHANDONG HUALU-HENGSHENG CHEMICAL CO.??LTD,600426
"COSCO SHIPPING Specialized Carriers Co., Ltd.",600428
"BEIJING SANYUAN FOODS CO.,LTD.",600429
"Guangdong Guanhao High-tech Co., Ltd",600433
"North Navigation Control Technology Co., Ltd.",600435
"ZHANGZHOU PIENTZEHUANG PHARMACEUTICAL CO.,LTD.",600436
"TONGWEI CO.,LTD",600438
"HENAN REBECCA HAIR PRODUCTS CO., LTD",600439
"Sinomach General Machinery Science & Technology Co.,Ltd.",600444
"shenzhen kingdom technology CO.,LTD",600446
"HUAFANG CO.,LTD",600448
"NINGXIA BUILDING MATERIALS GROUP Co.,Ltd",600449
"CHONGQING FULING ELECTRIC POWER INDUSTRIAL CO.,LTD.",600452
"But'one Information Corporation, Xi'an",600455
"BAOJI TITANIUM INDUSTRY CO., LTD",600456
"ZHUZHOU TIMES NEW MATERIALS TECHNOLOGY CO.,LTD.",600458
"SINO-PLATINUM METALS CO.,LTD",600459
"Hangzhou Silan Microelectronics Co.,Ltd.",600460
"JIANGXI HONGCHENG WATERWORKS CO.,LTD.",600461
"Shenzhen Geoway Co.,Ltd",600462
"Beijing Airport High-Tech Park Co.,Ltd.",600463
"SICHUAN LANGUANG DEVELOPMENT CO., LTD.",600466
"SHANDONG  HOMEY  AQUATIC  DEVELOPMENT  CO.,LTD.",600467
www.benefo.tj.cn,600468
"AEOLUS TYRE CO.,LTD",600469
"Anhui Liuguo Chemical Co.,Ltd.",600470
"Wuxi Huaguang Boiler Co.,Ltd.",600475
"Hunan  Copote  Science&Technology  Co.,Ltd.",600476
"HANGXIAO STEEL STRUCTURE CO.,LTD",600477
HUNAN  CORUN  NEW  ENERGY  CO.??LTD.,600478
"ZhuZhou QianJin Pharmaceutical Co., Ltd.",600479
LINGYUN  INDUSTRIAL  CORPORATION  LIMITED,600480
"Shuangliang Eco-Energy Systems Co.,Ltd",600481
"China Shipbuilding Industry Group Power Co., Ltd.",600482
FUJIAN FUNENG CO.??LTD,600483
"Beijing Xinwei Technology Group Co., Ltd.",600485
"Jiangsu Yangnong Chemical Co.,Ltd.",600486
www.htgd.com.cn,600487
"Tianjin Tianyao Pharmaceutical Co., Ltd.",600488
www.zjgold.com,600489
"Pengxin International Mining Co.,Ltd",600490
www.lycg.com.cn,600491
fujian fynex textile science & technology co.??ltd.,600493
http://www.jinxiaxle.com.cn,600495
"changjiang & jinggong steel building (group) co.,ltd",600496
http://www.chxz.com,600497
"Fiberhome Telecommunication Technologies Co.,Ltd.",600498
"Keda Clean Energy Co., Ltd.",600499
SINOCHEM INTERNATIONAL CORPORATION,600500
http://www.aerosun.cn,600501
www.cahsl.com,600502
www.deluxe-family.com,600503
"Sichuan Xichang Electric Power Co.,Ltd",600505
"XIN JINAG KORLA PEAR CO.,LTD",600506
"FANGDA SPECIAL STEEL TECHNOLOGY CO., LTD",600507
"SHANGHAI DATUN ENERGY RESOURSES CO.,LTD.",600508
"XINJIANG TIANFU ENERGY CO.,LTD",600509
"BLACK PEONY (GROUP) CO., LTD.",600510
China National Medicines Corporation Ltd.,600511
www.tengdajs.com,600512
"Jiangsu Lianhuan Pharmaceutical Co., Ltd.",600513
"Hainan HNA Infrastructure Investment Group Co., LTD",600515
"FangDa Carbon New Material CO.,LTD",600516
www.zhixindianqi.com.cn,600517
"Kangmei Pharmaceutical Co., Ltd",600518
"KWEICHOW MOUTAI CO.,LTD.",600519
WenYi Trinity Technology Co.??Ltd,600520
"Zhejiang Huahai Pharmaceutical Co.,LTD.",600521
"JIANGSU ZHONGTIAN TECHNOLOGY CO.,LTD.",600522
"GUIZHOU GUIHANG AOTOMOTIVE COMPONENTS CO., LTD",600523
CHANGYUAN GROUP LTD.,600525
"ZHEJIANG FEIDA ENVIRONMENTAL SCIENCE &TECHNOLOGY CO.,LTD.",600526
"Jiangsu Jiangnan High Polymer Fiber CO.,Ltd",600527
China Railway Hi-tech Industry Corporation Limited,600528
"SHANDONG PHARMACEUTICAL GLASS CO.,LTD",600529
"SHANGHAI JIAODA ONLLY CO.,LTD",600530
HENAN YUGUANG GOLD&LEAD CO.??LTD,600531
"SHANGHAI HONGDA MINING CO.,LTD",600532
www.chixia.com,600533
"Tasly Pharmaceutica Group CO., LTD.",600535
CHINA NATIONAL SOFTWARE & SERVICE COMPANY LIMITED,600536
www.egingpv.com,600537
"Beihai Gofar Marine Biological Industry Co., Ltd.",600538
"Taiyuan Lionhead Cement Co.,Ltd.",600539
"XINJIANG SAYRAM MODERN AGRICULTURE CO.,LTD.",600540
"GANSU MOGAO INDUSTRIAL DEVELOPMENT CO.,LTD.",600543
"SAURER INTELLIGENT TECHNOLOGY CO., LTD.",600545
"Shanxi Coal International Energy Group Co.,LTD",600546
http://www.sdhjgf.com.cn,600547
"SHENZHEN EXPRESSWAY CO., LTD.",600548
XIAMEN TUNGSTEN CORP.,600549
http://www.twbb.com,600550
www.press-mart.com,600551
"TRIUMPH SCIENCE & TECHNOLOGY CO., LTD",600552
"HNA INNOVATION CO.,LTD.",600555
www.bsyy.com.cn,600556
"Jiangsu Kanion Pharmaceutical Co.,Ltd.",600557
http://www.weldatlantic.com,600558
HEBEI HENGSHUI LAOBAIGAN LIQUOR CO.??LTD.,600559
"Beijing AriTime Intelligent Control Co., Ltd.",600560
"Jiangxi Changyun Co., Ltd.",600561
GLARUN TECHNOLOGY CO????LTD??,600562
"Xiamen Faratronic Co.,LTD.",600563
"CHONGQING DIMA INDUSTRY CO.,LTD",600565
"HUBEI JUMPCAN PHARMACEUTICAL CO., LTD.",600566
"SHANYING INTERNATIONAL HOLDINGS CO.,LTD.",600567
"ZHONGZHU HEALTHCARE  HOLDING CO.,LTD",600568
http://www.aysteel.com.cn,600569
HUNDSUN TECHNOLOGIES INC.,600570
http://www.sunyard.com,600571
"ZHEJIANG CONBA PHARMACEUTICAL CO.,LTD.",600572
"FuJian YanJing HuiQuan Brewery Co.,Ltd",600573
http//:www.whpstc.com.cn,600575
"Zhejiang Sunriver Culture CO.,LTD",600576
"TONGLING JINGDA SPECIAL MAGNET WIRE CO.,LTD.",600577
"BEIJING JINGNENG POWER CO.,LTD.",600578
Qingdao  Tianhua  Institute  Of  Chemistry   Engineering  Company  Limited,600579
www.wolong.com.cn,600580
http://www.bygt.com.cn,600581
"Tiandi Science & Technology Co.,LTD",600582
"OFFSHORE OIL ENGINEERING CO., LTD.",600583
"Jiangsu Changjiang Electronics Technology Co., Ltd.",600584
www.conch.cn,600585
"Shandong Jinjing Science & Technology Co.,Ltd",600586
"SHINVA MEDICAL INSTRUMENT CO, LTD",600587
http://www.yonyou.com,600588
"GUANGDONG RONGTAI INDUSTRY CO.,LTD",600589
"TELLHOW SCI-TECH CO.,LTD.",600590
"FUJIAN LONGXI BEARING ??GROUP??CO.,LTD.",600592
"Dalian Sunaisa Tourism Holdings Co.,Ltd",600593
"GuiZhou YiBai Pharmaceutical Co., Ltd.",600594
"Henan Zhongfu Industry Co.,Ltd",600595
"ZHEJIANG XINAN CHEMICAL INDUSTRIAL GROUP CO.,LTD",600596
"BRIGHT DAIRY & FOOD CO.,LTD",600597
heilongjiang agriclture company limited,600598
"PANDA FINANCIAL HOLDING CORP., LTD.",600599
TSINGTAO BREWERY COMPANY LIMITED,600600
"FOUNDER TECHNOLOGY GROUP CO., LTD.",600601
INESA Intelligent Tech Inc.,600602
www.chinaghwl.com,600603
"SHANGHAI SHIBEI HI-TECH CO.,LTD.",600604
"SHANGHAI HUITONG ENERGY CO.,LTD.",600605
Greenland Holdings Corporation Limited,600606
"SHANGHAI BROADBAND TECHNOLOGY CO.,LTD.",600608
SHENYANG JINBEI AUTOMOTIVE COMPANY LIMTED,600609
http://www.600610.com.cn,600610
"DAZHONG TRANSPORTATION??GROUP??CO.,LTD.",600611
http://www.chinafirstpencil.com/,600612
"Shanghai Shenqi Pharmaceutical Investment Management Co., Ltd.",600613
"PENGQI TECHNOLOGY DEVELOPMENT  CO.,LTD",600614
"SHANGHAI FENGHWA GROUP CO.,LTD",600615
SHANGHAI JINFENG WINE COMPANY LIMITED,600616
SHANXI GUOXIN ENERGY CORPORATION LIMITED,600617
"SHANGHAI CHLOR-ALKALI CHEMICAL CO.,LTD.",600618
"SHANGHAI HIGHLY(GROUP) CO.,LTD.",600619
"SHANGHAI TIANCHEN CO.,LTD.",600620
"SHANGHAI CHINAFORTUNE CO., LTD",600621
"Everbright Jiabao Co.,Ltd",600622
SHANGHAI HUAYI GROUP CORPORATION  LTD.,600623
"SHANGHAI FUDAN  FORWARD S&T CO., LTD",600624
"Shanghai Shenda Co.,Ltd.",600626
http://www.newworld-china.com,600628
Arcplus Group PLC,600629
SHANGHAI DRAGON CORPORATION,600630
"Zhejiang Daily Digital Culture Group Co.,Ltd.",600633
"SHANGHAI FUKONG INTERACTIVE ENTERTAINMENT C0.,LTD",600634
"Shanghai DaZhong Public Utilities (Group) Co.,Ltd",600635
SHANGHAI 3F NEW MATERIALS COMPANY LIMITED,600636
www.opg.cn,600637
"SHANGHAI NEW HUANG PU REAL ESTATE CO.,LTD.",600638
"Shanghai Jinqiao Export Processing Zone Development Co.,Ltd.",600639
"Besttone Holding co.,Ltd.",600640
"SHANGHAI WANYE ENTERPRISES CO.,LTD.",600641
SHENERGY COMPANY LIMITED,600642
"SHANGHAI AJ GROUP CO.,LTD.",600643
"LESHAN ELECTRIC POWER CO.,LTD.",600644
"VCANBIO CELL & GENE ENGINEERING CORP., LTD",600645
"SHANGHAI TONGDA VENTURE CAPITAL CO., LTD??",600647
"SHANGHAI WAI GAOQIAO FREE TRADE ZONE DEVELOPMENT CO.,LTD.",600648
"Shanghai SMI Holding Co., Ltd.",600649
"Shanghai Jin Jiang International Industrial Investment Co.,Ltd",600650
www.facs.com.cn,600651
"SHANGHAI U9 GAME CO.,LTD.",600652
"Shanghai Shenhua Holdings Co.,Ltd.",600653
"China Security & Fire Co.,Ltd",600654
"SHANGHAI YUYUAN TOURIST MART CO.,LTD",600655
www.cindare.com,600657
"Beijing Electronic Zone Investment and Development Co., Ltd",600658
"FUYAO GLASS INDUSTRY GROUP CO.,LTD",600660
www.xin-ny.com,600661
"Shanghai QiangSheng Holding CO.,Ltd.",600662
HTTP://WWW.LJZ.COM.CN,600663
"Harbin Pharmaceutical Group CO.,LTD.",600664
"Tande CO.,LTD.",600665
"AURORA OPTOELECTRONICS CO.,LTD",600666
WUXI TAIJI INDUSTRY COMPANY LIMITED.,600667
"ZHEJIANG JIANFENG GROUP CO.,LTD",600668
"HANGZHOU TIAN-MU-SHAN PHARMACEUTICAL ENTERPRISE CO.,LTD",600671
"GUANGDONG HEC TECHNOLOGY HOLDING CO., LTD",600673
"SICHUAN CHUANTOU ENERGY CO.,LTD.",600674
CHINA ENTERPRISE COMPANY LIMITED,600675
"SHANGHAI JIAO YUN  GROUP CO., LTD.",600676
"AEROSPACE COMMUNICATIONS HOLDINGS GROUP CO.,LTD.",600677
"SICHUAN GOLDEN SUMMIT (GROUP) JOINT-STOCK CO., LTD.",600678
"ShangHai Phoenix Enterprise (Group) CO., LTD.",600679
"SHANGHAI POTEVIO CO.,LTD.",600680
"BESTSUN RNREGY  CO., LTD.",600681
"NANJING XINJIEKOU DEPARTMENT STORE CO.,LTD",600682
METRO LAND CORPORATION LTD,600683
"GUANGZHOU PEARL RIVER INDUSRIAL DEVELOPMENT CO.,LTD.",600684
comec.cssc.net.cn,600685
"XIAMEN KING LONG MOTOR GROUP CO.,TLD.",600686
"Gansu Gangtai Holding(Group) Co.,Ltd",600687
"SINOPEC SHANGHAI PETROCHEMICAL CO.,LTD",600688
SHANGHAI SANMAO ENTERPRISE (GROUP) CO.??LTD.,600689
http://www.haier.net/cn/about_haier/,600690
"YANGMEI CHEMICAL CO.,LTD",600691
"SHANG HAI YA TONG CO.,LTD.",600692
"FUJIAN DONGBAI (GROUP) CO.,LTD.",600693
DASHANG CO.??LTD.,600694
"Shanghai Greencourt Investment Group Co., Ltd.",600695
"Shanghai Yanshi Enterprise Development Co., Ltd ",600696
"CHANG CHUN EURASIA GROUP CO., LTD.",600697
http://www.tyen.com.cn,600698
NINGBO JOYSON ELECTRONIC CORP.,600699
"HARBIN GONG DA HIGH-TECH ENTERPRISE DEVELOPMENT CO.,LTD.",600701
"Sichuan Tuopai Shede Spirits Co., Ltd.",600702
www.sanan-e.com,600703
-,600704
"AVIC CAPITAL CO.,LTD.",600705
"XI??AN QUJIANG CULTURAL TOURISM CO.,LTD.",600706
"CAIHONG DISPLAY DEVICES CO.,LTD.",600707
www.bre600708.com,600708
www.sumec.com,600710
"CHENGTUN MINING GROUP CO.,LTD",600711
http://www.nnbh.com.cn,600712
NanJing Pharmaceutical Company Limited,600713
"Qinghai Jinrun Mineral Development Co., Ltd",600714
CULTURAL INVESTMENT HOLDINGS CO.??LTD.,600715
JIANGSU PHOENIX PROPERTY INVESTMENT COMPANY LIMITED,600716
"TIANJIN PORT HOLDINGS CO.,LTD.",600717
Neusoft Corporation,600718
http://www.dlrd.com,600719
"GANSU QILIANSHAN CEMENT GROUP CO.,LTD.",600720
www.xjbhc.net,600721
"HEBEI JINNIU CHEMICAL INDUSTRIAL CO.,LTD",600722
"Beijing Capital Retailing Group Co., Ltd.",600723
http://www.Fuda.com,600724
YUNNAN YUNWEI COMPANY LIMITED,600725
Huadian Energy Company Limited,600726
"SHANDONG LUBEI CHEMICAL CO.,LTD.",600727
"PCI-SUNTEK TECHNOLOGY CO., LTD.",600728
http://www.e-cbest.com,600729
"CHINA HI-TECH GROUP CO.,LTD.",600730
http://www.hnhlc.com,600731
"SHANGHAI XINMEI REAL ESTATE CO., LTD.",600732
-,600733
Fujian Start Group Co. Ltd,600734
-,600735
"SUZHOU NEW DISTRICT HI-TECH INDUSTRIAL CO.,LTD",600736
"COFCO TUNHE SUGAR  CO.,LTD.",600737
"LANZHOU MINBAI SHAREHOLDING (GROUP) CO.,LTD.",600738
http://www.chengda.com.cn,600739
"SHAN XI COKING CO.,LTD",600740
HUAYU Automotive Systems Company Limited,600741
"Changchun FAWAY Automobile Components Co., Ltd",600742
www.hy-online.com,600743
"DATANG HUAYIN ELECTRIC POWER CO.,LTD.",600744
"Wingtech Technology Co.,Ltd.",600745
JIANGSU SOPO CHEMICAL CO.LTD.,600746
"DALIAN DAFU ENTERPRISES HOLDINGS CO.,LTD",600747
"SHANGHAI INDUSTRIAL DEVELOPMENT CO.,LTD.",600748
"TIBET TOURISM CO.,LTD",600749
"JIANGZHONG PHARMACEUTICAL CO.,LTD",600750
"TIANJIN TIANHAI INVESTMENT CO., LTD.",600751
HENAN  ORIENTAL SILVER STAR INVESTMENT CO.LTD,600753
"Shanghai Jin Jiang International Hotels Development Co.,Ltd.",600754
"XIAMEN INTERNATIONAL TRADE GROUP CORP., LTD.",600755
"Inspur software  Co.,Ltd.",600756
"Changjiang Publishing & Media Co.,Ltd",600757
LIAONING HONGYANG ENERGY RESOURCE INVEST Co.Ltd.,600758
http://www.sse.com.cn,600759
AVIC SHENYANG AIRCRAFT COMPANY LIMITED,600760
"ANHUI HELI CO.,LTD.",600761
TOPCHOICE MEDICAL INVESTMENT CO.INC,600763
CEC CoreCast Corporation Limited,600764
http://www.avichm.com,600765
-,600766
"WINSAN(SHANGHAI)  MEDICAL SCIENCE AND TECHNOLOGY CO.,LTD",600767
HTTP://www.600768.com.cn,600768
"WUHAN XIANGLONG POWER INDUSTRY CO,LTD.",600769
"Jiangsu Zongyi Co.,LTD",600770
"GuangYuYuan Chinese Herbal Medicine Co., Ltd.",600771
"Tibet Urban Development and Investment Co.,LTD",600773
"WUHAN HANSHANG GROUP CO.,LTD.",600774
NANJING PANDA ELECTRONICS COMPANY LIMITED,600775
"EASTERN COMMUNICATIONS CO.,LTD.",600776
SHANDONG XINCHAO ENERGY CORPORATION LIMITED,600777
"XINJIANG YOUHAO (GROUP) CO.,LTD",600778
"SICHUAN SWELLFUN CO.,LTD",600779
TOP ENERGY COMPANY LTD.SHANXI,600780
"FUREN PHARMACEUTICAL INDUSTRIL(GROUP) CO.,COM",600781
"Xinyu Iron ?? Steel Co.,Ltd",600782
"Luxin Venture Capital Group Co., Ltd.",600783
"LUYIN INVESTMENT GROUP CO.,LTD.",600784
www.xhds.com.cn,600785
"CMST Development Co.,Ltd.",600787
"SHANDONG LUKANG PHARMACEUTICAL CO.,LTD.",600789
"ZheJiang China Light&Textile Industrial City Group Co.,Ltd.",600790
"BEH-PROPERTY CO., LTD",600791
"Yunnan Coal & Energy Co.,Ltd.",600792
"YibinpaperindustryCO.,LTD",600793
"ZHANGJIAGANG FREETRADE SCIENCE & TECHNOLOGY GROUP CO., LTD.",600794
"GD POWER DEVELOPMENT CO., LTD",600795
ZHEJIANG QIANJIANG BIOCHEMICAL COMPANY LIMITED,600796
"INSIGMA TECHNOLOGY CO.,LTD.",600797
NINGBO MARINE COMPANY LIMITED.,600798
"TIAN JIN GLOBAL MAGNETIC CARD CO.,LTD",600800
http//www.huaxincem .com,600801
http://www.fjcement.com/,600802
"ENN Ecological Holdings  Co.,LTD",600803
"DR.PENG TELECOM&MEDIA GROUP CO.,LTD.",600804
Jiangsu Yueda Investment Co.Ltd.,600805
"Shandong Tyan Home Co.,Ltd",600807
MAANSHAN IRON & STEEL COMPANY LIMITED,600808
"SHANXI XINGHUACUN FEN WINE FACTORY  CO.,LTD",600809
"SHEN MA INDUSTRY CO.,LTD",600810
ORIENT GROUP INCORPORATION,600811
NORTH CHINA PHARMACEUTICAL COMPANY. LTD,600812
"HANGZHOU JIEBAI GROUP CO., LIMITED.",600814
Xiamen XGMA Machinery Company Limited.,600815
"ANXIN TRUST CO.,LTD",600816
"XI'AN HONGSHENG TECHNOLOGY CO.,LTD.",600817
"ZHONGLU CO,.LTD.",600818
"SHANGHAI YAOHUA PILKINGTON GLASS GROUP CO,LTD.",600819
"SHANGHAI TUNNEL ENGINEERING CO.,LTD.",600820
"Tianjin Quan Ye Chang (Group) Co., Ltd",600821
"Shanghai Material Trading Co., Ltd.",600822
"Shanghai Shimao Co.,Ltd",600823
"SHANGHAI YIMIN COMMERCIAL GROUP CO., LTD.",600824
"Shanghai Xinhua Media Co., Ltd",600825
SHANGHAI LANSHENG CORPORATION,600826
"SHANGHAI BAILIAN GROUP CO., LTD.",600827
"Maoye Commercial Co.,Ltd.",600828
HPGC Renmintongtai Pharmaceutical Corporation,600829
"SUNNY LOAN TOP CO.,LTD",600830
http://www.600831.com,600831
"SHANGHAI NO.1 PHARMACY CO.,LTD.",600833
www.shtmetro.com,600834
http://www.chinasec.cn,600835
SHANGHAI JIELONG GROUP INDUSTRY CORPORATION LIMITED,600836
HAITONG Securities Company Limited,600837
"SHANGHAI JOIN BUY CO.,LTD.",600838
http://www.changhong.com,600839
SHANGHAI DIESEL ENGINE COMPANY LIMITED,600841
"Shang Gong Group Co., Ltd.",600843
"DANHUA CHEMICAL TECHNOLOGY CO., LTD.",600844
"Shanghai Baosight Software Co., Ltd.",600845
"SHANGHAI TONGJI SCIENCE & TECHNOLOGY INDUSTRIAL CO.,LTD",600846
www.cqwanli.com,600847
Shanghai Lingang Holdings Corporation Limited,600848
"SHANGHAI EAST-CHINA COMPUTER CO.,LTD",600850
"SHANGHAI HAIXIN GROUP CO., LTD.",600851
"LONGJIAN ROAD & BRIDGE CO.,LTD.",600853
"JIANGSU CHUNLAN REFRIGERATING EQUIPMENT STOCK CO.,LTD",600854
http://www.ascf.com.cn,600855
Changchun  Sinoenergy  Corporation,600856
"NINGBO ZHONGBAI CO., LTD.",600857
"INZONE GROUP CO.,LTD",600858
"WANGFUJING GROUP CO., LTD.",600859
Beijing Jingcheng Machinery Electric Company Limited,600860
www.bjcx.com.cn,600861
"Avic Aviation High-Technology  Co., Ltd.",600862
WWW.NMHDWZ.COM,600863
"HARBIN HATOU INVESTMENT CO.,LTD",600864
"BAIDA GROUP CO.,LTD",600865
"STAR LAKE BIOSCIENCE CO.,INC ZhAOQING GUANGDONG",600866
"TONGHUA DONGBAO PHARMACEUTICAL CO.,LTD.",600867
http://www.chinameiyan.com/,600868
"Far East Smarter Energy Co.,Ltd",600869
"XIAMEN OVERSEAS CHINESE ELECTRONIC CO.,LTD.",600870
SINOPEC OILFIELD SERVICE CORPORATION,600871
"JONJEE HI-TECH INDUSTRIAL & COMMERCIAL HOLDING CO.,LTD",600872
http://www.meihuagrp.com,600873
Tianjin Capital Environmental Protection Group Company Limited,600874
http://www.dec-ltd.cn/,600875
LUOYANG GLASS COMPANY LIMITED,600876
http://www.jialing.com.cn,600877
"China Aerospace Times Electronics CO., LTD.",600879
"Chengdu B-ray Media Co.,Ltd",600880
"JILIN YATAI (GROUP) CO., LTD.",600881
"Shanghai Ground Food Tech Co., Ltd.",600882
"Yunnan Bowin Technology&Industry Co.,Ltd.",600883
"NINGBO SHANSHAN CO.,LTD.",600884
Hongfa Technology Co.??Ltd.,600885
"SDIC Power Holdings Co.,Ltd.",600886
"INNER MONGOLIA YILI INDUSTRIAL GROUP CO.,LTD",600887
"XINJIANG JOINWORLD CO.,LTD.",600888
NANJING CHEMICAL FIBRE CO.LTD,600889
"CRED HOLDING CO.,LTD",600890
"HARBIN CHURIN GROUP JOINTSTOCK CO.,LTD.",600891
"DASHENG TIMES CULTURAL INVESTMENT CO.,LTD.",600892
"AECC AVIATION POWER CO,LTD",600893
"GUANGZHOU GUANGRI STOCK CO.,LTD.",600894
"SHANGHAI ZHANGJIANG HI-TECH PARK DEVELOPMENT CO.,LTD",600895
"LANHAI MEDICAL INVESTMENT CO., LTD.",600896
"Xiamen International Airport Co.,Ltd",600897
"Gome Telecom Equipment Co., Ltd.",600898
"China Yangtze Power Co.,ltd.",600900
"Jiangsu Financial Leasing Co.,Ltd.",600901
www.guizhougas.com,600903
"Wuxi Rural Commercial Bank Co., Ltd.",600908
"HUAAN SECURITIES CO., LTD.",600909
http://www.cqgas.cn/,600917
"BANK OF JIANGSU CO., LTD.",600919
"BANK OF HANGZHOU CO.,LTD.",600926
 ?????????? ???????? ???????????????? ?????? ?? ??????,600929
"IKD Co., Ltd.",600933
-,600936
CHONGQING CONSTRUCTION ENGINEERING GROUP CORPORATION LIMITED,600939
ORIENT SECURITIES COMPANY LIMITED,600958
Jiangsu Broadcasting Cable Information Network Corporation Limited,600959
www.bhpiston.com,600960
"ZHUZHOU SMELTER GROUP CO.,LTD.",600961
"SDIC ZHONGLU FRUIT JUICE CO.,LTD.",600962
"YUEYANG FOREST ?? PAPER CO., LTD.",600963
"Fortune Ng Fung Food (Hebei) Co., Ltd",600965
"SHANDONG  BOHUI PAPER INDUSTRIAL  CO.,LTD.",600966
www.bfcy.cc,600967
Hunan Chendian International Development Share-holding Limited company,600969
"Sinoma International Engineering Co.,Ltd.",600970
Http://www.ahhymd.com.cn,600971
"BAOSHENG SCIENCE AND TECHNOLOGY INNOVATION CO., LTD.",600973
www.newwf.com,600975
JIANMIN PHARMACEUTICAL GROUP CO.??LTD.,600976
"CHINA FILM CO., LTD.",600977
http://www.yihuatimber.com,600978
"SICHUAN GUANGAN AAA PUBLIC CO.,LTD .",600979
"BGRIMM Technology Co.,Ltd.",600980
JIANGSU HIGH HOPE INTERNATIONAL CORPORATION,600981
www.nbtp.com.cn,600982
"Whirlpool China Co.,Ltd",600983
"SHAANXI  CONSTRUCTION  MACHINERY  CO.,LTD.",600984
"Anhui Leimingkehua Co.,Ltd",600985
"KEDA GROUP CO., LTD.",600986
"ZHEJIANG HANGMIN CO., LTD.",600987
www.600988.com.cn,600988
"Anhui Sun Create Electronics Co.,Ltd",600990
"GUIZHOU WIRE ROPE CO.,LTD",600992
www.mayinglong.cn,600993
"YUNNAN WENSHAN ELECTRIC POWER CO.,LTD.",600995
http://www.gzgdwl.com/,600996
KAILUAN ENERGY CHEMICAL CORPORATION LIMITED,600997
Jointown Pharmaceutical Group Company Limited,600998
"China Merchants Securities Co.,Ltd.",600999
"TANGSHAN PORT GROUP CO.,LTD.",601000
"Datong Coal Industry Co., Ltd.",601001
"GEM-YEAR INDUSTRIAL CO.,LTD.",601002
"LIUZHOU IRON&STEEL CO.,LCD",601003
www.cqgt.cn,601005
"Daqin Railway Co., Ltd.",601006
www.jinlinghotel.com,601007
"Jiangsu Lianyungang Port Co.,Ltd.",601008
"BANK OF NANJING CO., LTD",601009
Wenfeng Great World Chain Development  Corporation,601010
"Baotailong New Materials Co., Ltd.",601011
"LONGi Green Energy Technology Co., Ltd.",601012
"Shaanxi Heimao Coking Co., Ltd ",601015
http://www.cecwpc.cn,601016
Ningbo Zhoushan Port Company Limited,601018
http://www.sdcbcm.com/,601019
-,601020
"Spring Airlines Co., Ltd.",601021
"Jiangsu Yulong Steel Pipe Co., Ltd.",601028
FIRST TRACTOR COMPANY LIMITED,601038
www.sailunjinyu.com,601058
w-r-g.cn,601069
Gansu Guofang Industry & Trade Group Limited by Share Ltd.,601086
China Shenhua Energy Company Limited,601088
"China South Publishing & Media Group Co.,Ltd.",601098
http://www.tpyzq.com,601099
jiangsu hengli hydraulic co.Ltd,601100
"BEIJING HAOHUA ENERGY RESOURCE CO. ,LTD",601101
China First Heavy lndustries,601106
http://www.cygs.com,601107
"CAITONG SECURITIES CO.,LTD",601108
Air China Limited,601111
"Yiwu Huading Nylon Co.,Ltd.",601113
sanjiang.com,601116
"China National Chemical Engineering CO.,LTD.",601117
"China Hainan Rubber Industry Group Co.,LTD.",601118
"BEIJING SIFANG AUTOMATION CO.,LTD.",601126
"CHONGQING SOKON INDUSTRY GROUP STOCK CO.,LTD.",601127
"Jiangsu Changshu Rural Commercial Bank Co., Ltd.",601128
www.pwalloy.com,601137
www.szgas.com.cn,601139
"Future Land Holdings Co., Ltd",601155
www.cncqsw.com,601158
"TRIANGLE TYRE CO., LTD.",601163
"INDUSTRIAL BANK CO.,LTD.",601166
"Western Mining Co., Ltd.",601168
"BANK OF BEIJING CO.,LTD.",601169
www.chinaadvance.com,601177
www.xdect.com.cn,601179
China Railway Construction Corporation Limited,601186
"HEILONGJIANG TRANSPORT DEVELOPMENT CO., LTD",601188
"DONGXING SECURITIES CO., LTD.",601198
www.jsjnsw.com,601199
"SHANGHAI ENVIRONMENT GROUP CO., LTD.",601200
"SICHUAN EM TECHNOLOGY CO.,LTD.",601208
Guotai Junan Securities Co. Ltd.,601211
"Baiyin Nonferrous Group Co.,Ltd",601212
"INNER MONGOLIA JUNZHENG ENERGY & CHEMICAL GROUP CO.,LTD.",601216
"Jiangsu SINOJIT Wind Energy Technology Co,.Ltd.",601218
"JIANGSU LINYANG Energy CO., LTD.",601222
SHAANXI COAL INDUSTRY COMPANY LIMITED,601225
"HUADIAN HEAVY INDUSTRIES CO.,LTD.",601226
guangzhou port company limited,601228
"Bank of Shanghai Co.,ltd.",601229
"Universal scientific industrial(shanghai)Co.,Ltd.",601231
"TONGKUN GROUP CO,LTD",601233
"GUANGZHOU AUTOMOBILE GROUP CO.,LTD.",601238
"Pang Da Automobile Trade Co., Ltd.",601258
AGRICULTURAL BANK OF CHINA LIMITED,601288
"Camel Group Co.,Ltd.",601311
"PING AN INSURANCE??GROUP?? COMPANY OF CHINA, LTD.",601318
"Qinhuangdao Port Co., Ltd.*",601326
"BANK OF COMMUNICATIONS CO.,LTD.",601328
GUANGSHEN RAILWAY COMPANY LIMITED,601333
NEW CHINA LIFE INSURANCE COMPANY LTD.,601336
"BROS EASTERN CO., LTD.",601339
www.360.cn,601360
" Liqun Commercial Group Co., Ltd. ",601366
-,601368
"XI'AN SHAANGU POWER CO., LTD.",601369
"Central China Securities Co., Ltd.",601375
"Industrial Securities Co.,Ltd",601377
Yechiu Metal Recycling (China) Ltd.,601388
www.crec.cn,601390
INDUSTRIAL AND COMMERCIAL BANK OF CHINA LIMITED,601398
"JIANGSU GENERAL SCIENCE TECHNOLOGY CO.,LTD",601500
"SHANTOU DONGFENG PRINTING CO.,LTD.",601515
Jilin Expressway Company Ltd.,601518
Shanghai DZH Limited,601519
"SOOCHOW SECURITIES CO.,LTD.",601555
www.sinovel.com,601558
www.jiumuwang.com,601566
"NINGBO SANXING MEDICAL ELECTRIC Co.,Ltd.",601567
"kuaijishan shaoxing wine co.,ltd.",601579
BEIJING NORTH STAR COMPANY LIMITED,601588
shanghai film corporation,601595
"Jiangsu Lugang Culture Co., Ltd",601599
ALUMINUM CORPORATION OF CHINA LIMITED,601600
"China Pacific Insurance (Group) Co., Ltd.",601601
"Shanghai Pharmaceuticals Holding Co., Ltd.",601607
"CITIC HEAVY INDUSTRIES CO.,LTD.",601608
CHINA NUCLEAR ENGINEERING CORPORATION LIMITED,601611
www.sgeg.cn,601616
Metallurgical Corporation of China Ltd.,601618
Ningxia Jiaze Renewables Corporation Limited,601619
CHINA LIFE INSURANCE COMPANY LIMITED,601628
Great Wall Motor Company Limited,601633
"Zhuzhou Kibing Group Co., Ltd",601636
"PINGDINGSHAN TIANAN COAL MINING CO., LTD.",601666
China State Construction Engineering Corporation Limited,601668
"Power Construction Corporation of China,Ltd.??POWERCHINA Ltd.??",601669
"Henan Mingtai Al. Industrial Co.,Ltd.",601677
"BEFAR GROUP CO.,LTD",601678
"HUATAI SECURITIES CO.,LTD",601688
"Ningbo Tuopu Group Co.,Ltd.",601689
"Shanxi Lu??an Environmental Energy Development Co.,Ltd.",601699
"CHANGSHU FENGFAN POWER EQUIPMENT CO.,LTD",601700
www.zzmj.com,601717
Jihua Group Corporation Limited,601718
www.shanghai-electric.com,601727
CRRC Corporation Limited,601766
"LIFAN INDUSTRY (GROUP) Co., Ltd",601777
Everbright Securities Company Limited,601788
"Ningbo Construction Co., Ltd",601789
Lanpec Technologies Limited,601798
"Changzhou Xingyu Automotive Lighting Systems Co., Ltd",601799
"China Communications Construction Co.,Ltd",601800
"ANHUI XINHUA MEDIA CO., LTD",601801
China Oilfield Services Limited,601808
http://www.winshare.com.cn,601811
CHINA EVERBRIGHT BANK COMPANY LIMITED,601818
www.chinaredstar.com,601828
"BANK OF CHENGDU CO., LTD.",601838
PetroChina Company Limited,601857
China Science Publishing & Media Ltd.,601858
"COSCO SHIPPING Development Co.,Ltd.",601866
"CHINA MERCHANTS ENERGY SHIPPING CO., LTD.",601872
www.chint.net,601877
-,601878
Dalian Port (PDA) Company Limited,601880
"China Galaxy Securities Co., Ltd.",601881
"NINGBO HAITIAN PRECISION MACHINERY CO., LTD.",601882
"Jangho  Group Co., Ltd.",601886
China lnternationnal Travel Service Corporation Limited,601888
"Asian Star Anchor Chain Co.,Ltd.Jiangsu",601890
China Coal Energy Company Limited,601898
Zijin Mining Group Company Limited,601899
Southern Publishing and Media Company Limited,601900
"Founder Securities Co., Ltd.",601901
"Beijing Jingyuntong Technology Co.,Ltd.",601908
"CHINA COAL XINJI ENERGY CO.,LTD",601918
"COSCO SHIPPING Holdings Co., Ltd.",601919
JIANGSU PHOENIX PUBLISHING&MEDIA CORPORATION LIMITED,601928
"JISHI MEDIA CO., LTD.",601929
"YONGHUI SUPERSTORES CO., LTD.",601933
CHINA CONSTRUCTION BANK CORPORATION,601939
www.cnpubc.com,601949
"Jiangsu Provincial Agricultural Reclamation and Development Co.,Ltd",601952
"Jinduicheng Molybdenum Co.,Ltd",601958
"CHINA AUTOMOTIVE ENGINEERING RESEARCH INSTITUE CO.,LTD",601965
"Shandong Linglong Tyre Co.,Ltd",601966
"Shanghai Baosteel Packaging Co.,Ltd",601968
"Hainan Mining Co.,Ltd",601969
www.cnnp.com.cn,601985
BANK OF CHINA LIMITED,601988
China Shipbuilding Industry Company Limited,601989
www.dtpower.com,601991
BBMG Corporation,601992
"Guangxi Fenglin Wood lndustry Group Co.,Ltd.",601996
BANK OF GUIYANG CO.LTD.,601997
CHINA CITIC BANK CORPORATION LIMITED,601998
Northern United Publishing & Media ??Group?? Company Limited,601999
www.people.com.cn,603000
"ZheJiang AoKang Shoes Co., Ltd.",603001
EPOXY BASE ELECTRONIC MATERIAL  CORPORATION LIMITED,603002
"SHANGHAI LONYER FUELS CO., LTD",603003
"China Wafer Level CSP Co., Ltd",603005
"Shanghai Lianming Machinery Co.,Ltd",603006
Flower King Eco-Engineering Inc.,603007
"XILINMEN FURNITURE CO.,LTD.",603008
"SHANGHAI BEITE TECHNOLOGY CO.,LTD.",603009
"Zhejiang Wansheng Co.,Ltd",603010
"Hefei Metalforming Intelligent Manufacturing Co., Ltd.",603011
"Shanghai Chuangli Group CO.,LTD.",603012
"Ningbo Techmation Co.,Ltd.",603015
"Wuxi New Hongtai Electrical Technology Co.,Ltd",603016
"ARTS Group Co., Ltd",603017
"China DesignGroupCo.,Ltd.",603018
www.sugon.com,603019
"Apple Flavor & Fragrance Group Co., Ltd",603020
http://www.huapengglass.com,603021
"SHANGHAI XINTONGLIAN PACKINF CO.,LTD",603022
Harbin VITI Electronics Corp,603023
-,603025
"SHANDONG SHIDA SHENGHUA CHEMICAL GROUP CO.,LTD",603026
"QIANHE CONDIMENT AND FOOD CO., LTD",603027
http://www.wxrope.com/,603028
"ShanDong Swan Cotton Industrial Machinery Stock Co., Ltd.",603029
"Shanghai Trendzone Consturction Decoration Group Co.,Ltd",603030
http://www.sinoadl.com/,603031
"DELIXI XINJIANG Transportation Co.,Ltd.",603032
"Zhejiang Sanwei Rubber Item Co.,Ltd ",603033
"Changshu Automotive Trim co.,Ltd.",603035
"JIANGSU RUTONG PETRO-MACHINERY CO., LTD.",603036
"Shanghai Carthane Co., LTD",603037
"HUALI INDUSTRIES CO.,LTD.",603038
www.weaver.com.cn,603039
www.xzbco.com,603040
"Jiangsu Maysta Chemical Co., Ltd",603041
Nanjing Huamai Technology CO.;Ltd.,603042
"GUANGZHOU RESTAURANT GROUP CO.,LTD.",603043
http://www.kldcop.com,603050
"ZHE JIANG TAIHUA NEW MATERIAL CO., LTD.",603055
"DEPPON LOGISTICS Co.,LTD.",603056
"Gui zhou Yongji Printing Co.,ltd",603058
http:// www.toothbrush.com.cn/,603059
"China Building Material Test & Certification Group Co., Ltd.",603060
??????????????????????????1??,603063
http://www.informrack.com/,603066
"Hubei ZhenHua Chemical Co., LTD",603067
"Hainan Haiqi Transportation Group Co.,Ltd.",603069
"Ningbo Lehui International Engineering Equipment Co.,Ltd.",603076
www.hebang.cn,603077
"Jiangyin Jianghuamicro Elctronic Materials Co.,Ltd",603078
http://www.sd-pharm.com/main.html,603079
www.xjhjrq.com,603080
"ZHEJIANG DAFENG INDUSTRIAL CO., LTD",603081
"CIG SHANGHAI CO.,LTD.",603083
"Zhejiang Tiancheng Controls Co.,Ltd",603085
"SHANDONG CYNDA CHEMICAL CO.,LTD",603086
www.nbjingda.com,603088
"ADD Industry??Zhejiang?? CO., LTD",603089
-,603090
http://www.readinglife.com/,603096
CENTER INTERNATIONAL GROUP COMPANY LIMITED,603098
changbai shan tourism company limited,603099
"Chongqing Chuanyi Automation Co.,LTD",603100
www.wuikatimes.com,603101
"Hengdian Entertainment CO.,LTD",603103
"Cashway Technology Co.,Ltd.",603106
"Shanghai Runda Medical Technology Co.,Ltd",603108
"New East New Materials Co., Ltd",603110
www.kn-nanjing.com,603111
"JINNENG SCIENCE&TECHNOLOGY CO., LTD.",603113
-,603116
-,603117
"SHENZHEN GONGJIN ELECTRONICS CO.,LTD.",603118
"Beijing Cuiwei Tower Co.,Ltd.",603123
Sinoma Energy Conservation Ltd.,603126
"JOINN LABORATORIES (CHINA) CO., LTD",603127
http://www.ctsfreight.com,603128
"ZHEJIANG CFMOTO POWER CO.,LTD.",603129
"SHANGHAI HUGONG ELECTRIC GROUP CO.,LTD",603131
"Tanyuan??Technology??Co.,??Ltd. ",603133
"Jiangsu Tianmu Lake Tourism Co.,Ltd",603136
"Beijing Vastdata Technology Co., Ltd.",603138
"SHAANXI KANGHUI PHARMACEUTICAL CO.,LTD",603139
"Hebei Yangyuan Zhihui Beverage Co.,Ltd.",603156
http://www.lachapelle.cn,603157
"Changzhou Tenglong Auto Parts Co.,Ltd.",603158
-,603159
"Shenzhen Goodix Technology Co.,Ltd.",603160
"Kehua Holdings Co., Ltd.",603161
"Zhejiang Rongsheng Environmental Protection Paper Co.,LTD",603165
"GUI LIN FUDA CO.,LTD",603166
"Bohai Ferry GROUP Co.,Ltd.",603167
"Zhejiang Shapuaisi Pharmaceutical Co., Ltd.",603168
"Lanzhou LS Heavy Equipment co., Ltd",603169
"zhejiang tuna environmental science & technology co., ltd",603177
"Ningbo Shenglong Automotive PowertrainSystem Co.,Ltd.",603178
"Jiangsu Xinquan Automotive Trim Co.,Ltd",603179
http://www.goldenhome.cc,603180
"Zhejiang Huangma Technology Co.,Ltd.",603181
"SUZHOU INSTITUTE OF BUILDING SCIENCE GROUP CO.,LTD",603183
"Zhejiang Huazheng New Material  Co., Ltd.",603186
"Jiangsu Yabang Dyestuff Co.,Ltd.",603188
"Shanghai Wondertek Software Co.,Ltd",603189
"Ribo Fashion Group Co., Ltd.",603196
Shanghai Baolong Automotive Corporation,603197
ANHUI YINGJIA DISTILLERY CO.??LID.,603198
"Anhui Jiuhuashan Tourism Development Co., Ltd.",603199
"Shanghai Emperor Of Cleaning Hi-Tech Co., LTD.",603200
"QUICK INTELLIGENT EQUIPMENT CO.,LTD.",603203
"Jiangshan Oupai Door Industry Co., Ltd",603208
"Shanghai Aiyingshi Co.,Ltd",603214
"Riyue Heavy Industry Co.,Ltd",603218
"Zhejiang Chimin Pharmaceutical CO,LTD",603222
"HENGTONG LOGISTICS CO.,LTD.",603223
http://xfmgroup.com/,603225
www.vohringer.com,603226
"Xinjiang Xuefeng Sci-Tech(Group)Co.,Ltd.",603227
"Shenzhen Kinwong Electronic Co.,Ltd.",603228
"Zhejiang Ausun Pharmaceutical Co., Ltd.",603229
"SHANGHAI KOAL SOFTWARE CO.,LTD.",603232
"DaShenLin Pharmaceutical Group Co., Ltd.",603233
"HangZhou??Nbond??Nonwovens??Co.,??Ltd.",603238
"ZHEJIANG XIANTONG RUBBER & PLASTIC CO.,LTD",603239
www.dianhun.cn,603258
"Hoshine Silicon Industry Co., Ltd.",603260
"Ningbo Tianlong Electronics Co., Ltd.",603266
"GUANGDONG SONGFA CERAMICS CO., LTD.",603268
"Jiangsu Seagull Cooling Tower Co.,Ltd.",603269
"YINDU KITCHEN EQUIPMENT CO., LTD",603277
-,603278
"Suzhou Secote Precision Electronic Co., Ltd. ",603283
"JIANGSU RIYING ELECTRONICS CO.,LTD.",603286
Foshan Haitian Flavouring and Food Company Ltd.,603288
http://cn.tederic-cn.com,603289
"HANGCHA GROUP.,LTD.",603298
"Jiang Su Jingshen Salt & Chemical Industry Co.,Ltd",603299
"Zhejiang Huatie Construction Safety Science And Technology Co.,Ltd.",603300
-,603301
http://www.tospolighting.com.cn,603303
-,603305
"HMT(XIAMEN) NEW TECHNICAL MATERIALS CO.,LTD.",603306
"ANHUI YINGLIU ELECTROMECHANICAL CO.,LTD",603308
"WELL LEAD MEDICAL CO., LTD.  ",603309
"Zhejiang Goldensea Environment Technology Co.,Ltd",603311
"Healthcare Co.,Ltd",603313
"LIAONING FU-AN HEAVY INDUSTRY CO., LTD",603315
"Zhejiang Chengbang Landscape Co., Ltd",603316
"DALIAN ENERGAS GAS-SYSTEM CO.,LTD.",603318
"HUNAN OIL PUMP Co., Ltd.",603319
www.dibei.com,603320
"ZHE JIANG MEI LUN ELEVATOR CO.,LTD",603321
"GUANGDONG SUPER TELECOM CO.,LTD.",603322
"JIANGSU WUJIANG RURAL COMMERCIAL BANK CO., LTD",603323
Nanjing OLO Home Furnishing INC.,603326
"Guangdong Ellington Electronics Technology Co., Ltd.",603328
"SHANGHAI ACE INVESTMENT&DEVELOPMENT CO., LTD.",603329
http://www.hotmelt.com.cn/,603330
Zhejiang Baida Precision Manufacturing Corp. ,603331
"SICHUAN STAR CABLE CO.,LTD",603333
Guangdong Dcenti Auto-Parts Stock Limited Company,603335
"GREAT-SUN FOODS CO.,LTD.",603336
JACK SEWING MACHINE CO.??LTD,603337
"Zhejiang Dingli Machinery Co.,Ltd",603338
Nantong Square Cold Chain Equipment Co.??Ltd.,603339
"FUJIAN ANJOY FOODS CO.,LTD",603345
www.lexy.cn,603355
"Xuancheng Valin Precision Technology Co., Ltd.",603356
"Anhui Transport Consulting & Design Institute Co.,Ltd.",603357
"Huada Automotive Technology Corp.,Ltd",603358
-,603359
"DalianBio-ChemCo.,Ltd.",603360
www.aonong.com.cn,603363
"Shanghai Shuixing Home Textile Co., Ltd.",603365
"Jiangsu Sunrain Solar Energy Co.,Ltd",603366
"CISEN PHARMACEUTICAL CO., LTD.",603367
"Guangxi Liuzhou Pharmaceutical Co.,Ltd.",603368
"Jiangsu King??s Luck Brewery Joint ? Stock Co., Ltd",603369
"Eastern Pioneer Driving School Co., Ltd.",603377
"ASIA CUANON TECHNOLOGY(SHANGHAI)CO.,LTD.",603378
www.etron.cn,603380
"Fujian Apex Software Co.,LTD",603383
"HUIDA SANITARY WARE CO.,LTD.",603385
"Guangdong Champion Asia Electronics CO.,LTD.",603386
http://www.bio-gp.com.cn,603387
"Yuancheng Environment Co., Ltd.",603388
A-Zenith Home Furnishings Co.?? Ltd.,603389
-,603393
"YINGKOU JINCHEN MACHINERY CO., LTD. ",603396
"BanBao Co., Ltd.",603398
"JINZHOU JIXIANG MOLYBDENUM CO.,LTD",603399
www.xinje.com,603416
Qingdao Topscomm Communication INC.,603421
"Anhui Genuine New Materials Co.,Ltd.",603429
"G-bits Network Technology(Xiamen)Co., Ltd",603444
"ZHEJIANG  JIUZHOU   PHARMACEUTICAL  CO.,LTD",603456
"Guizhou Transportation Planning Survey&Design Academe Co.,Ltd.",603458
-,603466
"Sichuan Zhenjing Co., Ltd.",603477
"FLYING TECHNOLOGY CO.,LTD",603488
EmbedWay Technologies (Shanghai) Corporation ,603496
"Shanghai Sunglow Packaging Technology Co., Ltd",603499
"Zhejiang Tiantai Xianghe Industrial Co., Ltd.",603500
"Will Semiconductor CO., Ltd. Shanghai",603501
"China Kings Resources Group Co., Ltd.",603505
"Nacity Property Service Co., Ltd.",603506
-,603507
"Henan Thinker Automatic Equipment Co.,Ltd",603508
http://www.opple.com.cn/,603515
"Beijing Tricolor Technology Co., Ltd.",603516
-,603517
"V.GRASS FASHION CO.,LTD.",603518
"JIANGSU LIBA ENTERPRISE JOINT-STOCK CO., LTD",603519
"Zhejiang Starry Pharmaceutical CO.,LTD",603520
"Anhui Zhongyuan New Materials Co.,Ltd.",603527
DUOLUN TECHNOLOGY CORPORATION LTD.,603528
-,603533
-,603535
"Shandong Huifa Foodstuff Co.,Ltd.",603536
"Ningbo Menovo Pharmaceutical Co., Ltd.",603538
-,603555
"Hexing Electrical Co.,Ltd",603556
Qibu Corporation Limited,603557
"Zhejiang Jasan Holding Group co.,Ltd",603558
www.ztgmcom.com,603559
PULIKE BIOLOGICAL ENGINEERING??INC.,603566
"HeiLongJiang ZBD Pharmaceutical Co., Ltd.",603567
"ZHEJIANG WEIMING ENVIRONMENT PROTECTION CO.,LTD.",603568
http://www.changjiulogistics.com,603569
"QINGDAO HUIJINTONG POWER EQUIPMENT CO., LTD.",603577
"Zhejiang Three Stars New Materials Co.,Ltd.",603578
Shanghai Rongtai Health Technology Corporation Limited,603579
"AA INDUSTRIAL BELTING (SHANGHAI) CO., LTD",603580
"Suli Co.,Ltd.",603585
www.chinabrake.com,603586
"Beijing GeoEnviron Engineering & Technology, Inc.",603588
"Anhui Kouzi Distillery Co., Ltd.",603589
"zhejiang tony electronic co., ltd",603595
"Inly Media Co., Ltd.",603598
"Anhui Guangxin Agrochemical Co., Ltd. ",603599
"UE Furniture Co., Ltd.",603600
Chongqing Zaisheng Technology Corp. Ltd,603601
"Hangzhou Freely Communication Co., Ltd",603602
"Poten Environment Group Co., Ltd.",603603
"Proya Cosmetics Co.,LTD",603605
"NINGBO ORIENT WIRES & CABLES CO., LTD.",603606
http://www.sx-jhjg.com,603607
"TOPSCORE FASHION SHOES CO., LTD.",603608
"Wellhope Agri-Tech Joint Stock Co., Ltd. ",603609
"NOBLELIFT INTELLIGENT EQUIPMENT CO.,LTD.",603611
"Sunstone Development Co.,Ltd",603612
"Chahua Modern Housewares Co.,Ltd.",603615
Beijing Hanjian Heshan Pipeline Co.Ltd,603616
"JUNHE PUMPS HOLDING CO.,LTD",603617
"Hangzhou Cable Co., Ltd.",603618
Zhongman Petroleum and Natural Gas Group Corp.??Ltd,603619
"KunshanKersen Science & Technology Co.,Ltd.",603626
"CLENERGY (XIAMEN)TECHNOLOGY PTY., LTD",603628
"Lafang China Co.,Ltd",603630
"Shanghai Laimu Electronics Co.,Ltd",603633
"Linewell Software Co.,Ltd.",603636
"ZHENHAI PETROCHEMICAL ENGINEERING CO., LTD.",603637
"YANTAI EDDIE PRECISION MACHINERY CO.,LTD",603638
http://www.hailir.cn,603639
"Shanghai Shine-Link International Logistics Co., Ltd.",603648
-,603655
http://chinataiho.com/,603656
www.autobio.com.cn,603658
"Shanghai Putailai New Energy Technology Co., Ltd.",603659
-,603660
"Zhejiang Henglin Chair Industry Co.,Ltd.",603661
"SANXIANG ADVANCED MATERIALS CO.,LTD.",603663
http://www.kanglongda.com.cn,603665
"Zhejiang XCC Group Co.,Ltd;",603667
"FUJIAN TIANMA SCIENCE AND TECHNOLOGY GROUP CO., LTD",603668
"Lionco Pharmaceutical Group Co.,Ltd.",603669
"Tibet Weixinkang Medicine Co., Ltd",603676
"Qijing Machinery Co., Ltd.",603677
"FUJIAN TORCH ELECTRON TECHNOLOGY Co., LTD.",603678
"Sichuan Huati Lighting Technology Co., Ltd.",603679
"KTK Group Co., Ltd. ",603680
"SHANGHAI SMITH ADHESIVE NEW MATERIAL CO.,LTD",603683
-,603685
"Fujian Longma Environmental Sanitation Equipment CO., LTD.",603686
"JIANGSU PACIFIC QUARTZ CO.,LTD.",603688
www.ahtrq.com,603689
"PNC Process Systems Co.,Ltd",603690
"ANJI FOODSTUFF CO., LTD",603696
"changzheng Engineering Co.,LTD",603698
"Neway Valve (Suzhou) Co., Ltd.",603699
"Zhejiang Dehong Automotive Electronic & Electrical Co., Ltd.",603701
"Zhejiang Shengyang Science and Technology Co.,Ltd.",603703
"Nanjing King-friend Biochemical Pharmaceutical Co.,Ltd.",603707
"Jiajiayue Group Co., Ltd.",603708
" ZOY Home Furnishing Co., Ltd.",603709
-,603711
"Tianjin 712 Communication & Broadcasting Co.,Ltd",603712
Wuhan??Thalys??Medical??Technology??Inc.,603716
"Tianyu Eco-Environment Co.,Ltd.",603717
www.hile-bio.com,603718
-,603721
"Wuxi Acryl Technology CO.,LTD",603722
"Guangdong Tianan New Material Co., Ltd.",603725
"Zhejiang Langdi Group Co., Ltd.",603726
BOMESC Offshore Engineering Company Limited,603727
www.moons.com.cn,603728
"Shanghai LongYun Advertising & Media Co.,Ltd.",603729
"Shanghai Daimay Automotive Interior Co., Ltd.",603730
http://www.skshu.com.cn,603737
Hubei TKD Crystal Electronic Science and Technology Co.??Ltd.,603738
"Zhejiang Dayuan Pumps Industry Co., Ltd",603757
CHONGQING QIN'AN M&E PLC.,603758
"Loncin Motor Co.,Ltd.",603766
"ZHEJIANG ZOMAX TRANSMISSION CO.,LTD.",603767
Hefei Changqing Machinery Company Limited ,603768
-,603776
"Shanghai Laiyifen Co., Ltd.",603777
"Beijing Qianjing Landscape Co., Ltd.",603778
"WEILONG GRAPE WINE CO., LTD.",603779
"JIANGSU XINRI E-VEHICLE CO., LTD.",603787
Ningbo Gaofa Automotive Control System Co. LTD,603788
http://www.xg1688.com/,603789
"Guangdong Liantai Environmental Protection Co.,Ltd. ",603797
QINGDAO COPTON TECHNOLOGY COMPANY LIMITED,603798
"ZHEJIANG HUAYOU COBALT CO., LTD.",603799
"SUZHOU DOUSON DRILLING & PRODUCTION EQUIPMENT CO., LTD",603800
"ZBOM CABINETS CO.,LTD.",603801
www.raisecom.com,603803
"HANGZHOU FIRST APPLIED MATERIAL CO., LTD.",603806
"Shenzhen Ellassay Fashion Co.,Ltd.",603808
"CHENGDU HAONENG TECHNOLOGY CO., LTD.",603809
"ZHEJIANG CHENG YI PHARMACEUTICAL CO.,LTD.",603811
"GuangDong GenSho Logistics Co.,LTD",603813
"Jason Furniture??Hangzhou??Co.,Ltd.",603816
"Fujian Haixia Environmental Protection Group Co.,Ltd.",603817
"QuMei Home Furnishings Group Co., Ltd",603818
Changzhou Shenli Electrical Machine Incorporated Company,603819
"ZHE JIANG JIAAO ENPROTECH STOCK CO., LTD",603822
"LILY GROUP CO.,LTD",603823
"Hylink Digital Solution Co.,Ltd",603825
"FUJIAN KUNCAI MATERIAL TECHNOLOGY CO.,LTD",603826
www.kldzs.com,603828
-,603829
Oppein Home Group Inc.,603833
"GUANGDNG SITONG GROUP CO.,LTD",603838
"Anzheng Fashion Group Co.,Ltd",603839
"Zhengping Road & Bridge Construction Co., Ltd.",603843
"Guangdong Hotata Technology Group  co., Ltd. ",603848
-,603855
-,603856
"Shandong Buchang Pharmaceuticals Co., Ltd",603858
"Nancal Energy-Saving Technology Co.,Ltd.",603859
-,603860
www.bydq.com,603861
www.tolybread.cn,603866
www.flyco.com,603868
Beibu Gulf Tourism Corporation Limited,603869
"JIA YOU INTERNATIONAL LOGISTICS CO., LTD",603871
www.peacebird.com,603877
www.wjss.com.cn,603878
"YONGYUE SCIENCE&TECHNOLOGY CO.,LTD",603879
"Jiangsu Nanfang Medical Co.,Ltd.",603880
"Shanghai Athub Co.,Ltd.",603881
"Guangzhou Kingmed Diagnostics Group Co., Ltd.",603882
LBX Pharmacy Chain Joint Stock Company,603883
"JUNEYAO AIRLINES Co., Ltd",603885
"Ganso Co., Ltd",603886
-,603887
www.xinhuanet.com??www.news.cn,603888
Zhejiang Xinao Textiles Inc.,603889
"Suzhou Chunqiu Electronic Technology Co., LTD",603890
"Shanghai Tianyong Engineering Co.,Ltd",603895
"Zhejiang Shouxiangu Pharmaceutical Co., Ltd.",603896
"ZHEJIANG GRANDWALL ELECTRIC SCIENCE&TECHNOLOGY CO.,LTD.",603897
"Guangzhou Holike Creative Home Co.,Ltd.",603898
Shanghai M&G Stationery Inc. ,603899
www.tesiro.com,603900
"Hangzhou Youngsun Intelligent Equipment Co., Ltd.",603901
"CSD Water Service Co, Ltd.",603903
"JIANGSU LOPAL TECH. Co., Ltd.",603906
"COMEFLY OUTDOOR CO.,LTD",603908
"HOLSIN ENGINEERING CONSULTING GROUP CO.,LTD.",603909
"Nanjing Canatal Data-Centre Environmental Tech Co., Ltd",603912
"SOBUTE NEW MATERIALS CO., LTD",603916
"Ningbo Heli Mould Technology Shareholding Co., Ltd.",603917
"Shanghai Golden Bridge InfoTech Co.,Ltd. ",603918
"JINHUI LIQUOR Co.,Ltd.",603919
"OLYMPIC CIRCUIT TECHNOLOGY CO.,LTD",603920
"Suzhou Jinhongshun Auto Parts Co., LTD.",603922
"ZHEJIANG TIELIU CLUTCH CO.,LTD.",603926
"Suzhou Xingye Materials Technology Co.,Ltd.",603928
"L&K ENGINEERING(SUZHOU)CO.,LTD.",603929
"FUJIAN RAYNEN TECHNOLOGY CO.,LTD",603933
"BOMIN ELECTRONICS CO., LTD.",603936
"JIANGSU LIDAO NEW MATERIAL CO., LTD.",603937
"Tangshan Sunfar Silicon Industries Co., Ltd",603938
"Yifeng Pharmacy Chain Co., Ltd.",603939
"DAQIAN ECOLOGY & ENVIRONMENT GROUP CO., LTD",603955
"HARSON TARDING (CHINA) CO.,LTD.",603958
" HUNAN BAILI ENGINEERING SCI&TECH CO.,LTD",603959
http://www.sh-kelai.com/,603960
"Dali Pharmaceutical Co.,Ltd.",603963
"Eurocrane (China) Co.,Ltd.",603966
"Nan  Tong  Acetic  Acid  Co.,   Ltd. ",603968
"SILVERY DRAGON PRESTRESSED MATERIALS CO., LTD. TIANJIN",603969
"SINO-AGRI  LEADING  BIOSCIENCES  CO.,LTD.",603970
"ChongQing Zhengchuan Pharmaceutical Packaging Co.,Ltd.",603976
"Jiangxi Guotai Industrial Explosive Group Co., Ltd.",603977
"SHENZHEN SUNXING LIGHT ALLOYS MATERIALS CO.,LTD.",603978
"JCHX MINING MANAGEMENT CO.,LTD.",603979
"ZheJiang JiHua Group Co.,Ltd",603980
"Jiangyin Hengrun Heavy Industries Co.,Ltd",603985
GigaDevice Semiconductor(Beijing) Inc,603986
"Shanghai Kindly Enterprise Development Group Co.,Ltd.",603987
www.sec-motor.com,603988
"HUNAN AIHUA GROUP C0.,LTD.",603989
"Suzhou MedicalSystem Technology Co., Ltd.",603990
"Shanghai Originaldow Advanced Compounds Co., Ltd",603991
"China Molybdenum Co., Ltd.",603993
"CHUNGHSIN TECHNOLOGY GROUP CO., LTD",603996
"NINGBO JIFENG AUTO PARTS CO.,LTD",603997
"Hunan Fangsheng Pharmaceutical Co., Ltd.",603998
"DuZhe Publishing&Media Co.,Ltd.",603999
INESA Intelligent Tech Inc.,900901
"SHANGHAI SHIBEI HI-TECH CO.,LTD.",900902
"DAZHONG TRANSPORTATION??GROUP??CO.,LTD.",900903
"Shanghai Shenqi Pharmaceutical Investment Management Co., Ltd.",900904
"LAO FENG XIANG CO.,LTD.",900905
"Shang Hai Zhong Yi Da Co.,Ltd",900906
"PENGQI TECHNOLOGY DEVELOPMENT  CO.,LTD",900907
"SHANGHAI CHLOR-ALKALI CHEMICAL CO.,LTD.",900908
SHANGHAI HUAYI GROUP CORPORATION  LTD.,900909
"SHANGHAI HIGHLY(GROUP) CO.,LTD.",900910
"Shanghai Jinqiao Export Processing Zone Development Co.,Ltd.",900911
"SHANGHAI WAI GAOQIAO FREE TRADE ZONE DEVELOPMENT CO.,LTD.",900912
SHANXI GUOXIN ENERGY CORPORATION LIMITED,900913
"Shanghai Jin Jiang International Industrial Investment Co.,Ltd",900914
"ZHONGLU CO,.LTD.",900915
"ShangHai Phoenix Enterprise (Group) CO., LTD.",900916
"SHANGHAI HAIXIN GROUP CO., LTD.",900917
"SHANGHAI YAOHUA PILKINGTON GLASS GROUP CO,LTD.",900918
"Shanghai Greencourt Investment Group Co., Ltd.",900919
SHANGHAI DIESEL ENGINE COMPANY LIMITED,900920
"DANHUA CHEMICAL TECHNOLOGY CO., LTD.",900921
SHANGHAI SANMAO ENTERPRISE (GROUP) CO.??LTD.,900922
"SHANGHAI BAILIAN GROUP CO., LTD.",900923
"Shang Gong Group Co., Ltd.",900924
"Shanghai Mechanical & Electrical Industry CO., LTD.",900925
"Shanghai Baosight Software Co., Ltd.",900926
"Shanghai Material Trading Co., Ltd.",900927
Shanghai Lingang Holdings Corporation Limited,900928
"Shanghai Jinjiang International Travel Co., Ltd",900929
"SHANGHAI POTEVIO CO.,LTD.",900930
"Shanghai Lujiazui Finance & Trade Zone Development Co.,Ltd.",900932
"HUAXIN  CEMENT  CO.,  LTD.",900933
"Shanghai Jin Jiang International Hotels Development Co.,Ltd.",900934
"SHANGHAI YOUNG SUN INVESTMENT CO,LTD",900935
"Inner Mongolia Eerduosi Resources Co.,Ltd.",900936
Huadian Energy Company Limited,900937
"TIANJIN TIANHAI INVESTMENT CO., LTD.",900938
"Shanghai Huili Building Materials Co., Ltd.",900939
GREATTOWN HOLDINGS LTD.,900940
"EASTERN COMMUNICATIONS CO.,LTD.",900941
"Huangshan Tourism Development Co.,Ltd.",900942
"SHANGHAI KAI KAI INDUSTRIAL CO.,LTD.",900943
Hainan Airlines Holding Company Limited,900945
"HUNAN TYEN MACHINERY CO., LTD",900946
"SHANGHAI ZHENHUA HEAVY INDUSTRIES CO.,LTD.",900947
INNER MONGOLIA YITAI COAL COMPANY LIMITED,900948
"Jiangsu Future Land Co.,Ltd.",900950
"DAHUA GROUP DALIAN CHEMICAL INDUSTRY CO.,LTD.",900951
"JINZHOU PORT CO.,LTD.",900952
"KAMA CO., LTD.",900953
"HNA INNOVATION CO.,LTD.",900955
"HUANGSHI DONGBEI ELECTRICAL APPLIANCE CO.,LTD",900956
"SHANGHAI LINGYUN INDUSTRIES DEVELOPMENT  CO., LTD.",900957
